Marca temporal,Indica tu altura (en cm sin decimales),Indica tu peso (en kg sin decimales),Sexo con el que mas me identifico,Cuantas letras tiene tu nombre (indicar el numero entero en formato numerico)
2021/12/16 2:39:17 p. m. GMT-3,134,92,,
2021/12/16 2:39:26 p. m. GMT-3,173,94,,
2021/12/16 2:39:35 p. m. GMT-3,176,76,,
2021/12/16 2:39:44 p. m. GMT-3,156,45,,
2021/12/16 3:05:28 p. m. GMT-3,172,98,Varon,
2021/12/16 3:05:40 p. m. GMT-3,154,65,Mujer,
2021/12/16 3:06:34 p. m. GMT-3,190,108,Varon,
2021/12/16 3:06:44 p. m. GMT-3,165,48,Mujer,
2021/12/16 3:06:55 p. m. GMT-3,176,76,Varon,
2021/12/16 3:51:29 p. m. GMT-3,178,95,Varon,8
2021/12/16 3:51:42 p. m. GMT-3,176,76,Mujer,5
2021/12/16 3:51:59 p. m. GMT-3,190,120,Varon,3
2021/12/16 3:52:11 p. m. GMT-3,155,56,Mujer,10
2021/12/16 7:21:04 p. m. GMT-3,172,65,Varon,5
2021/12/16 7:21:06 p. m. GMT-3,190,83,Varon,5
2021/12/16 7:21:06 p. m. GMT-3,178,132,Varon,6
2021/12/16 7:21:18 p. m. GMT-3,177,80,Varon,8
2021/12/16 7:21:23 p. m. GMT-3,156,75,Mujer,5
2021/12/16 7:21:24 p. m. GMT-3,183,73,Varon,8
2021/12/16 7:21:24 p. m. GMT-3,168,68,Varon,6
2021/12/16 7:21:25 p. m. GMT-3,181,71,Varon,7
2021/12/16 7:21:26 p. m. GMT-3,185,80,Varon,8
2021/12/16 7:21:26 p. m. GMT-3,178,76,Varon,8
2021/12/16 7:21:27 p. m. GMT-3,160,62,Mujer,8
2021/12/16 7:21:29 p. m. GMT-3,174,71,Varon,7
2021/12/16 7:21:29 p. m. GMT-3,174,93,Varon,6
2021/12/16 7:21:31 p. m. GMT-3,183,98,Varon,6
2021/12/16 7:21:32 p. m. GMT-3,170,80,Varon,5
2021/12/16 7:21:34 p. m. GMT-3,163,67,Mujer,8
2021/12/16 7:21:38 p. m. GMT-3,168,60,Mujer,7
2021/12/16 7:21:41 p. m. GMT-3,173,64,Mujer,6
2021/12/16 7:21:43 p. m. GMT-3,176,86,Varon,7
2021/12/16 7:21:48 p. m. GMT-3,175,67,Varon,7
2021/12/16 7:21:52 p. m. GMT-3,164,75,Mujer,7
2021/12/16 7:21:52 p. m. GMT-3,160,57,Mujer,3
2021/12/16 7:21:53 p. m. GMT-3,174,76,Varon,13
2021/12/16 7:21:58 p. m. GMT-3,168,68,Varon,7
2021/12/16 7:21:59 p. m. GMT-3,170,77,Varon,5
2021/12/16 7:22:01 p. m. GMT-3,168,69,Varon,8
2021/12/16 7:22:02 p. m. GMT-3,163,70,Varon,8
2021/12/16 7:22:04 p. m. GMT-3,165,55,Mujer,7
2021/12/16 7:22:09 p. m. GMT-3,158,47,Mujer,7
2021/12/16 7:22:11 p. m. GMT-3,150,51,Mujer,6
2021/12/16 7:22:28 p. m. GMT-3,171,75,Varon,5
2021/12/16 7:23:15 p. m. GMT-3,178,76,Varon,8
2021/12/16 7:24:53 p. m. GMT-3,162,50,Mujer,6
2022/08/19 6:57:14 p. m. GMT-3,171,80,Varon,8
2022/08/19 6:57:45 p. m. GMT-3,172,81,Varon,8
2022/08/19 8:05:34 p. m. GMT-3,190,80,Varon,6
2022/08/19 8:05:37 p. m. GMT-3,173,66,Mujer,5
2022/08/19 8:05:38 p. m. GMT-3,185,78,Varon,5
2022/08/19 8:05:40 p. m. GMT-3,160,57,Mujer,6
2022/08/19 8:05:41 p. m. GMT-3,175,68,Varon,5
2022/08/19 8:05:43 p. m. GMT-3,175,80,Varon,8
2022/08/19 8:05:43 p. m. GMT-3,176,88,Varon,7
2022/08/19 8:05:45 p. m. GMT-3,174,72,Varon,7
2022/08/19 8:05:46 p. m. GMT-3,180,116,Varon,5
2022/08/19 8:05:47 p. m. GMT-3,180,72,Varon,6
2022/08/19 8:05:48 p. m. GMT-3,184,84,Varon,6
2022/08/19 8:05:49 p. m. GMT-3,175,60,Mujer,7
2022/08/19 8:05:49 p. m. GMT-3,174,75,Varon,6
2022/08/19 8:05:49 p. m. GMT-3,192,92,Varon,5
2022/08/19 8:05:50 p. m. GMT-3,173,75,Varon,6
2022/08/19 8:05:51 p. m. GMT-3,150,65,Mujer,6
2022/08/19 8:05:53 p. m. GMT-3,178,91,Varon,4
2022/08/19 8:05:53 p. m. GMT-3,163,53,Mujer,9
2022/08/19 8:05:55 p. m. GMT-3,164,53,Mujer,6
2022/08/19 8:05:59 p. m. GMT-3,182,87,Varon,7
2022/08/19 8:06:01 p. m. GMT-3,177,74,Varon,7
2022/08/19 8:06:02 p. m. GMT-3,175,70,Varon,5
2022/08/19 8:06:02 p. m. GMT-3,177,77,Varon,8
2022/08/19 8:06:02 p. m. GMT-3,165,65,Mujer,12
2022/08/19 8:06:04 p. m. GMT-3,165,65,Mujer,8
2022/08/19 8:06:08 p. m. GMT-3,170,75,Varon,7
2022/08/19 8:06:13 p. m. GMT-3,180,75,Varon,8
2022/08/19 8:06:13 p. m. GMT-3,162,64,Varon,7
2022/08/19 8:06:17 p. m. GMT-3,177,74,Varon,9
2022/08/19 8:06:33 p. m. GMT-3,156,51,Mujer,3
2022/08/19 8:06:34 p. m. GMT-3,169,46,Mujer,8
2022/08/19 8:06:35 p. m. GMT-3,182,68,Varon,23
2022/08/19 8:06:43 p. m. GMT-3,152,45,Mujer,23
2022/08/19 8:06:45 p. m. GMT-3,175,72,Varon,6
2022/08/19 8:06:57 p. m. GMT-3,194,88,Varon,5
2022/08/19 8:07:11 p. m. GMT-3,175,80,Varon,23
2022/08/19 8:07:15 p. m. GMT-3,175,65,Varon,12
2022/08/19 8:07:22 p. m. GMT-3,180,81,Varon,4
2022/08/19 8:07:26 p. m. GMT-3,178,85,Varon,7
2022/08/19 8:08:03 p. m. GMT-3,172,60,Mujer,4
2022/08/19 8:09:53 p. m. GMT-3,185,62,Varon,4
2022/08/19 8:51:17 p. m. GMT-3,175,86,Varon,7